{
  "ae_oe": {
    "precision": 0.7579505300353356,
    "recall": 0.8346303501945526,
    "f1": 0.7944444444444444
  },
  "ae_sc": {
    "precision": 0.7830374753451677,
    "recall": 0.8783185840707964,
    "f1": 0.8279457768508863
  },
  "triplet": {
    "precision": 0.7137809187279152,
    "recall": 0.7859922178988327,
    "f1": 0.748148148148148
  },
  "exact_match": 0.6104294478527608
}