{
  "ae_oe": {
    "precision": 0.7133333333333334,
    "recall": 0.7911275415896488,
    "f1": 0.750219106047327
  },
  "ae_sc": {
    "precision": 0.7104247104247104,
    "recall": 0.7948164146868251,
    "f1": 0.7502548419979612
  },
  "triplet": {
    "precision": 0.6166666666666667,
    "recall": 0.6839186691312384,
    "f1": 0.6485539000876425
  },
  "exact_match": 0.43902439024390244
}