{
  "ae_oe": {
    "precision": 0.688695652173913,
    "recall": 0.8164948453608247,
    "f1": 0.7471698113207548
  },
  "ae_sc": {
    "precision": 0.7401247401247402,
    "recall": 0.8240740740740741,
    "f1": 0.7798466593647315
  },
  "triplet": {
    "precision": 0.6191304347826087,
    "recall": 0.734020618556701,
    "f1": 0.6716981132075471
  },
  "exact_match": 0.4782608695652174
}