{
  "ae_oe": {
    "precision": 0.777882797731569,
    "recall": 0.8279678068410463,
    "f1": 0.8021442495126705
  },
  "ae_sc": {
    "precision": 0.8125701459034792,
    "recall": 0.8537735849056604,
    "f1": 0.8326624496837262
  },
  "triplet": {
    "precision": 0.7464522232734153,
    "recall": 0.7937625754527163,
    "f1": 0.7693807898586056
  },
  "exact_match": 0.5853658536585366
}